{"img/3_2_q013.tif": 123.94501218454985, "img/1_2_q004.tif": 114.21185684751606, "img/4_1_q005.tif": 122.45656007229249, "img/4_1_q001.tif": 125.55292608502515, "img/2_1_q014.tif": 122.43194199390233, "img/4_4_q009.tif": 114.348480951918, "img/2_1_q015.tif": 122.13376183223926, "img/4_1_q003.tif": 222.06907992829142, "img/4_3_q005.tif": 119.6026894624791, "img/3_2_q012.tif": 121.33517649920155, "img/1_1_q002.tif": 143.2773610841286, "img/2_3_q002.tif": 120.79387441539241, "img/5_1_q002.tif": 118.5600316776554, "img/5_4_q005.tif": 118.5600316776554, "img/3_1_q008.tif": 108.98926181788899, "img/1_2_q005.tif": 159.85785118057197, "img/4_4_q006.tif": 116.63919859572742, "img/1_3_q002.tif": 160.76800957587068, "img/2_1_q013.tif": 112.97022213508004, "img/4_3_q003.tif": 122.37947934811622, "img/4_1_q004.tif": 129.0741101682736, "img/3_2_q014.tif": 115.40085126209556, "img/3_4_q004.tif": 116.47087236366934, "img/4_1_q002.tif": 117.0600276349289, "img/2_4_q001.tif": 113.99163953256978, "img/3_4_q003.tif": 132.10358194620957, "img/4_3_q002.tif": 123.41279587732527, "img/3_1_q009.tif": 130.4880283288423, "img/5_3_q004.tif": 118.78587058021742, "img/3_3_q002.tif": 120.62084724622575, "img/5_4_q004.tif": 120.62084724622575, "img/5_2_q004.tif": 120.62084724622575, "img/2_2_q001.tif": 116.66327299016814, "img/1_4_q007.tif": 118.03289539081663, "img/4_2_q004.tif": 120.46348304221755, "img/3_4_q005.tif": 113.34765271880832, "img/2_2_q002.tif": 105.55323907683632, "img/3_2_q011.tif": 112.66570516070402, "img/2_2_q003.tif": 122.96231115454995, "img/5_3_q001.tif": 238.9295054774645, "img/3_2_q015.tif": 114.63116639263338, "img/4_2_q002.tif": 120.26084981493528, "img/3_3_q001.tif": 122.82647227141405, "img/5_2_q005.tif": 122.82647227141405, "img/5_1_q004.tif": 132.7833134060095, "img/4_3_q001.tif": 130.22245229872354, "img/4_4_q008.tif": 118.22195867907202, "img/2_1_q011.tif": 115.8314543709339, "img/1_4_q006.tif": 113.60951288599001, "img/2_3_q004.tif": 123.21699146240428, "img/3_3_q004.tif": 122.11668096353709, "img/1_2_q002.tif": 159.8409776585929, "img/2_4_q002.tif": 123.46547463786516, "img/2_2_q005.tif": 120.92409983559543, "img/4_4_q007.tif": 124.43990942447684, "img/5_3_q003.tif": 120.2723564840323, "img/5_4_q003.tif": 120.2723564840323, "img/1_3_q001.tif": 125.34786382811035, "img/4_2_q005.tif": 116.030153757311, "img/2_2_q004.tif": 119.0644615618457, "img/1_2_q001.tif": 132.0752835727829, "img/4_4_q010.tif": 115.3264087295489, "img/1_4_q010.tif": 122.37503663595162, "img/5_4_q001.tif": 122.37503663595162, "img/3_1_q007.tif": 91.7078284701664, "img/1_1_q001.tif": 121.34622534350216, "img/1_4_q009.tif": 119.37652681905506, "img/5_3_q005.tif": 126.2684028978603, "img/2_4_q004.tif": 116.92454336994406, "img/5_1_q003.tif": 131.5712697451431, "img/1_4_q008.tif": 137.85607892402325, "img/2_1_q012.tif": 115.98437788770532, "img/1_3_q003.tif": 129.3673112233893, "img/5_1_q005.tif": 125.49768267498845, "img/2_3_q001.tif": 112.15939744432185, "img/5_2_q001.tif": 112.15939744432185, "img/5_1_q001.tif": 132.06080969617446, "img/1_3_q004.tif": 140.96468100536626, "img/5_3_q002.tif": 147.2532798106518, "img/1_1_q005.tif": 155.76948367439002, "img/3_1_q006.tif": 107.56663888778537, "img/3_4_q001.tif": 122.99593298372817, "img/1_2_q003.tif": 147.84402726908544, "img/4_2_q003.tif": 117.25020189253355, "img/2_3_q003.tif": 120.75462127159386, "img/2_4_q005.tif": 105.48578574233663, "img/5_2_q003.tif": 105.48578574233663, "img/4_2_q001.tif": 115.33691313450132, "img/2_4_q003.tif": 124.87505848892697, "img/3_1_q010.tif": 127.3624672305632, "img/3_4_q002.tif": 126.06944697728062, "img/3_3_q005.tif": 125.6220690571155, "img/1_1_q003.tif": 123.93008675849497, "img/4_3_q004.tif": 114.2735667671889, "img/3_3_q003.tif": 121.23138266885417, "img/5_4_q002.tif": 121.23138266885417, "img/1_3_q005.tif": 112.42066613446268, "img/2_3_q005.tif": 120.69007404953835, "img/5_2_q002.tif": 120.69007404953835}