{"img/3_2_q013.tif": 82.57810202220571, "img/1_2_q004.tif": 67.77387073241357, "img/4_1_q005.tif": 87.92822918914591, "img/4_1_q001.tif": 91.98893648888989, "img/2_1_q014.tif": 95.59843543034548, "img/4_4_q009.tif": 75.8995545140568, "img/2_1_q015.tif": 91.33116581061434, "img/4_1_q003.tif": 155.701484491507, "img/4_3_q005.tif": 85.19794224386509, "img/3_2_q012.tif": 87.51263952324737, "img/1_1_q002.tif": 63.37547128464977, "img/2_3_q002.tif": 80.27752374322709, "img/5_1_q002.tif": 89.46444472545109, "img/5_4_q005.tif": 89.46444472545109, "img/3_1_q008.tif": 77.34425182754495, "img/1_2_q005.tif": 57.27360172650688, "img/4_4_q006.tif": 83.13482698567348, "img/1_3_q002.tif": 60.575569661289656, "img/2_1_q013.tif": 81.38973201216125, "img/4_3_q003.tif": 86.00361696115614, "img/4_1_q004.tif": 81.79036835118198, "img/3_2_q014.tif": 75.92820909967112, "img/3_4_q004.tif": 75.8197292631251, "img/4_1_q002.tif": 104.5677476858037, "img/2_4_q001.tif": 83.42607713577324, "img/3_4_q003.tif": 91.26133297118133, "img/4_3_q002.tif": 86.32804724965568, "img/3_1_q009.tif": 70.73079904460323, "img/5_3_q004.tif": 77.09150413506843, "img/3_3_q002.tif": 78.53459736158939, "img/5_4_q004.tif": 78.53459736158939, "img/5_2_q004.tif": 78.53459736158939, "img/2_2_q001.tif": 91.54998125889837, "img/1_4_q007.tif": 78.34481434438919, "img/4_2_q004.tif": 85.63341817709482, "img/3_4_q005.tif": 81.78948379016664, "img/2_2_q002.tif": 76.5441164268839, "img/3_2_q011.tif": 77.27777240314721, "img/2_2_q003.tif": 83.8945304129518, "img/5_3_q001.tif": 357.031992958496, "img/3_2_q015.tif": 76.28957868763116, "img/4_2_q002.tif": 86.39106537331159, "img/3_3_q001.tif": 78.73919245153687, "img/5_2_q005.tif": 78.73919245153687, "img/5_1_q004.tif": 111.68808303706945, "img/4_3_q001.tif": 104.41534834694878, "img/4_4_q008.tif": 73.3356805407042, "img/2_1_q011.tif": 80.06954850676887, "img/1_4_q006.tif": 79.82648563769422, "img/2_3_q004.tif": 75.6257217603531, "img/3_3_q004.tif": 88.345783215653, "img/1_2_q002.tif": 57.345095750227046, "img/2_4_q002.tif": 76.70328733667905, "img/2_2_q005.tif": 75.58292554067764, "img/4_4_q007.tif": 79.11316063750746, "img/5_3_q003.tif": 87.25610549391195, "img/5_4_q003.tif": 87.25610549391195, "img/1_3_q001.tif": 66.22260302713765, "img/4_2_q005.tif": 77.61781349625969, "img/2_2_q004.tif": 73.56280948088275, "img/1_2_q001.tif": 71.75035145524896, "img/4_4_q010.tif": 83.02147265405912, "img/1_4_q010.tif": 88.3623113895202, "img/5_4_q001.tif": 88.3623113895202, "img/3_1_q007.tif": 83.15425952096889, "img/1_1_q001.tif": 73.24796660631436, "img/1_4_q009.tif": 63.90008654152213, "img/5_3_q005.tif": 70.27133069231049, "img/2_4_q004.tif": 75.62867082833836, "img/5_1_q003.tif": 86.47502898971098, "img/1_4_q008.tif": 68.09428307874046, "img/2_1_q012.tif": 75.15845070170849, "img/1_3_q003.tif": 85.3118962174987, "img/5_1_q005.tif": 102.94194462987191, "img/2_3_q001.tif": 69.86609704071776, "img/5_2_q001.tif": 69.86609704071776, "img/5_1_q001.tif": 122.56328041680302, "img/1_3_q004.tif": 78.93206560334599, "img/5_3_q002.tif": 123.60853946782782, "img/1_1_q005.tif": 62.60165767152111, "img/3_1_q006.tif": 67.159803006423, "img/3_4_q001.tif": 93.51693756077077, "img/1_2_q003.tif": 63.76081471692026, "img/4_2_q003.tif": 81.5643564530929, "img/2_3_q003.tif": 79.44464345912188, "img/2_4_q005.tif": 64.15522383680317, "img/5_2_q003.tif": 64.15522383680317, "img/4_2_q001.tif": 86.50536292419822, "img/2_4_q003.tif": 79.89576350809787, "img/3_1_q010.tif": 72.59215725262544, "img/3_4_q002.tif": 87.66811710589512, "img/3_3_q005.tif": 85.20890076143247, "img/1_1_q003.tif": 77.25382646926452, "img/4_3_q004.tif": 85.16385862864077, "img/3_3_q003.tif": 81.07154654055294, "img/5_4_q002.tif": 81.07154654055294, "img/1_3_q005.tif": 81.82062352368013, "img/2_3_q005.tif": 71.89146380006764, "img/5_2_q002.tif": 71.89146380006764}